0,CombatZoneResize,100,240,540,390,TLResume
0,HeartTeleport,C,
0,HeartMode,0,,,,,,
0,TLPause,,,,,,,
0,ToggleShield,
0,SansSlam,2,
0,SansTorso,HandLeft,
0,BoneStab,2,100,1,20,1,
0.5,SansSlam,1,
0,SansTorso,HandDown,
0,BoneRepeat,B,550,390,50,0,180,200,0,2,15,
0,BoneRepeat,T,550,240,40,0,180,200,0,2,15,
0.7,BoneRepeat,B,550,390,40,0,180,200,0,2,15,
0,BoneRepeat,T,550,240,50,0,180,200,0,2,15,
0,SansTorso,Default,
0.4,GetHeartPos,HX,HY,
0,T4_BoneSlam,$HX,
0.3,BoneRepeat,B,550,390,40,0,180,200,0,2,15,
0,BoneRepeat,T,550,240,50,0,180,200,0,2,15,
0.7,BoneRepeat,B,550,390,40,0,180,200,0,2,15,
0,BoneRepeat,T,550,240,50,0,180,200,0,2,15,
0.6,T4_PlatformSpawn,
0.2,GetHeartPos,HX,HY,
0,T4_BoneSlam,$HX,
0.4,BoneRepeat,B,550,390,17,0,180,250,0,50,50,
0,BoneRepeat,B,90,390,45,0,0,200,0,3,15,
0,BoneRepeat,T,90,240,50,0,0,200,0,3,15,
0,BoneRepeat,B,550,390,45,0,180,200,0,3,15,
0,BoneRepeat,T,550,240,50,0,180,200,0,3,15,
0.8,BoneRepeat,B,550,390,80,0,180,220,0,3,15,
0.6,T4_BonesCom,
0.2,Bone,B,550,390,110,0,180,200,0,1,
0,Bone,B,650,390,110,0,180,200,0,2,
0,Bone,B,750,390,110,0,180,200,0,1,
0.4,BoneRepeat,B,90,390,125,0,0,300,0,3,15,
0,T4_SineBonesTopOnly,25,16,180,50,50,28,180,0,
1.8,T4_BoneSlam,450,
2.3,SansSlam,0,
0,SansTorso,HandRight,
0,BoneStab,0,50,0.5,2,1,
1.2,EndAttack,
0,ToggleShield,
