0,CombatZoneResize,32,250,607,390,TLResume
0,HeartTeleport,320,320,
0,HeartMode,0,,,,
0,TLPause,,,,,,,,
0,SoulMovement,1,
0,music_finder,
0,T6_BeatDrop,
1,T6_BoneChase,
0,HeartMode,5,
0,SoulMovement,0,
0,CombatZoneResize,-10,250,650,390,
0,SineBonesV,25,15,400,35,60,18,180,0,
1,BoneRepeat,B,675,400,30,-15,180,400,0,2,15,
0,BoneRepeat,T,650,240,75,-15,180,400,0,2,15,
0.3,BoneRepeat,B,675,400,50,-15,180,400,0,2,15,
0,BoneRepeat,T,650,240,55,-15,180,400,0,2,15,
0.3,BoneRepeat,B,675,400,30,-15,180,400,0,2,15,
0,BoneRepeat,T,650,240,75,-15,180,400,0,2,15,
0.6,Bone,B,650,400,30,0,180,400,
0,Bone,T,650,240,70,0,180,400,
0.3,Bone,B,650,400,40,0,180,400,
0,Bone,T,650,240,60,0,180,400,
0.1,SansSlam,1,
0,T6_BoneSlam,480,
0.2,Bone,B,650,400,45,0,180,400,
0,Bone,T,650,240,55,0,180,400,
0.4,T6_BoneSlam2,435,
0.2,BoneRepeat,B,650,390,45,0,180,400,0,3,15,
0,Bone,T,740,230,100,0,180,400,200,1,
0,Bone,T,740,230,100,90,180,400,-200,1,
0.8,BoneRepeat,B,650,390,45,0,180,400,0,3,15,
0,Bone,B,650,400,120,0,180,350,0,2,
0,Bone,B,750,400,120,0,180,350,0,2,
0,Bone,B,900,400,120,0,180,350,0,1,
0,Bone,B,1050,400,120,0,180,350,0,1,
0.6,BoneRepeat,B,650,390,45,0,180,400,0,3,15,
0.6,BoneRepeat,B,650,400,45,0,180,400,0,2,15,
0,BoneRepeat,T,650,240,45,0,180,400,0,2,15,
0.6,Bone,B,650,400,45,0,180,400,0,
0,Bone,T,650,240,45,0,180,400,0,
0.6,Bone,B,650,400,45,0,180,400,0,2,
0,Bone,T,650,240,45,0,180,400,0,2,
