0,CombatZoneResize,200,250,440,390,TLResume
0,HeartTeleport,C,
0,HeartMode,0,,,,,,
0,TLPause,,,,,,,
0,ToggleShield,
0,Spawn_Hands,
0,BoneRepeat,B,190,390,45,0,0,200,0,2,15,0,24,
0,BoneRepeat,T,190,250,45,0,0,200,0,2,15,0,25,
0,BoneRepeat,B,450,390,45,0,180,200,0,2,15,0,24,
0,BoneRepeat,T,450,250,45,0,180,200,0,2,15,0,25,
0,BoneC,4,320,316,200,90,200,250,250,0,666,
0.1,BoneCScale,666,670,160,160,1,0,
0.4,T3_ShotHands,
0,Bone,M,120,370,80,0,0,200,200,1,
0,Bone,M,120,370,80,90,0,200,200,1,
0,Bone,M,520,370,80,0,180,200,200,1,
0,Bone,M,520,370,80,90,180,200,200,1,
0.6,BoneCScale,666,670,230,230,0.5,0,
0.5,BoneC,4,320,316,200,90,-200,250,250,0,888,
0.1,BoneCScale,666,670,160,160,0.5,0,1,
0,BoneCScale,888,892,160,160,0.5,0,2,
0,Bone,M,120,270,80,0,0,200,200,2,
0,Bone,M,120,270,80,90,0,200,200,2,
0,Bone,M,520,270,80,0,180,200,200,2,
0,Bone,M,520,270,80,90,180,200,200,2,
0.5,BoneCScale,666,670,230,230,0.5,0,1,
0,BoneCScale,888,892,230,230,0.5,0,2,
0,BoneRepeat,B,190,390,45,0,0,200,0,2,15,0,26,
0,BoneRepeat,T,190,250,45,0,0,200,0,2,15,0,27,
0,BoneRepeat,B,450,390,45,0,180,200,0,2,15,0,26,
0,BoneRepeat,T,450,250,45,0,180,200,0,2,15,0,27,
0,T3_ShotHands,
0.5,BoneCScale,666,670,160,160,0.5,0,1,
0,BoneCScale,888,892,160,160,0.5,0,2,
0.5,BoneCScale,666,670,230,230,0.5,0,1,
0,BoneCScale,888,892,230,230,0.5,0,2,
0,Bone,M,120,370,80,0,0,200,200,2,
0,Bone,M,120,370,80,90,0,200,200,2,
0,Bone,M,520,370,80,0,180,200,200,2,
0,Bone,M,520,370,80,90,180,200,200,2,
0,T3_ShotHands,
0.5,BoneCScale,666,670,160,160,0.5,0,1,
0,BoneCScale,888,892,160,160,0.5,0,2,
0.5,BoneCScale,666,670,230,230,0.5,0,1,
0,BoneCScale,888,892,230,230,0.5,0,2,
0.5,BoneCScale,666,670,160,160,0.5,0,1,
0,BoneCScale,888,892,160,160,0.5,0,2,
0,BoneRepeat,B,190,390,45,0,0,200,0,2,15,0,28,
0,BoneRepeat,T,190,250,45,0,0,200,0,2,15,0,29,
0,BoneRepeat,B,450,390,45,0,180,200,0,2,15,0,28,
0,BoneRepeat,T,450,250,45,0,180,200,0,2,15,0,29,
0,BoneCScale,888,892,230,230,0.5,0,2,
0.5,BoneCScale,666,670,160,160,0.5,0,1,
0,BoneCScale,888,892,160,160,0.5,0,2,
0,T3_ShotHands,
0,Bone,M,120,370,80,0,0,200,200,1,
0,Bone,M,120,370,80,90,0,200,200,1,
0,Bone,M,520,370,80,0,180,200,200,1,
0,Bone,M,520,370,80,90,180,200,200,1,
0.5,BoneCScale,666,670,230,230,0.5,0,1,
0,BoneCScale,888,892,230,230,0.5,0,2,
0.5,BoneCScale,666,670,160,160,0.5,0,1,
0,BoneCScale,888,892,160,160,0.5,0,2,
0.5,BoneCScale,666,670,230,230,0.5,0,1,
0,BoneCScale,888,892,230,230,0.5,0,2,
0,BoneRepeat,B,190,390,45,0,0,200,0,2,15,0,30,
0,BoneRepeat,T,190,250,45,0,0,200,0,2,15,0,31,
0,BoneRepeat,B,450,390,45,0,180,200,0,2,15,0,30,
0,BoneRepeat,T,450,250,45,0,180,200,0,2,15,0,31,
0.5,BoneCScale,666,670,160,160,0.5,0,1,
0,BoneCScale,888,892,160,160,0.5,0,2,
0,T3_ShotHands,
0,Bone,M,120,270,80,0,0,200,200,2,
0,Bone,M,120,270,80,90,0,200,200,2,
0,Bone,M,520,270,80,0,180,200,200,2,
0,Bone,M,520,270,80,90,180,200,200,2,
0.5,BoneCScale,666,670,230,230,0.5,0,1,
0,BoneCScale,888,892,230,230,0.5,0,2,
0.6,T3_HandsOut,
0,BoneCScale,666,670,160,160,0.5,0,1,
0,BoneCScale,888,892,160,160,0.5,0,2,
0.6,SansSlam,1,
0,SansTorso,HandDown,
0,BoneCScale,666,670,230,230,0.5,1,1,
0,BoneCScale,888,892,230,230,0.5,1,2,

0,Bone,T,190,250,63,0,0,220,
0,BoneSC,T,150,250,40,0,0,220,0,0,0,0.8,5,220,
0,BoneSC,T,110,250,40,0,0,220,0,0,0,1,5,220,
0,BoneSC,T,70,250,63,0,0,220,0,0,0,1.2,5,220,

0,Bone,T,450,250,63,0,180,220,
0,BoneSC,T,490,250,40,0,180,220,0,0,0,0.8,5,220,
0,BoneSC,T,530,250,40,0,180,220,0,0,0,1,5,220,
0,BoneSC,T,570,250,63,0,180,220,0,0,0,1.2,5,220,

0,BoneRepeat,B,150,390,40,0,0,250,0,5,40,
0,Bone,B,-50,390,90,0,0,250,0,

0.4,SansTorso,Default,
0.7,Bone,M,90,340,120,0,0,200,200,
0,Bone,M,90,340,120,90,0,200,200,
0,Bone,M,540,340,120,0,180,200,-200,
0,Bone,M,540,340,120,90,180,200,-200,

0,Bone,T,190,250,63,0,0,220,
0,BoneSC,T,150,250,40,0,0,220,0,0,0,0.8,5,220,
0,BoneSC,T,110,250,40,0,0,220,0,0,0,1,5,220,
0,BoneSC,T,70,250,63,0,0,220,0,0,0,1.2,5,220,

0,Bone,T,450,250,63,0,180,220,
0,BoneSC,T,490,250,40,0,180,220,0,0,0,0.8,5,220,
0,BoneSC,T,530,250,40,0,180,220,0,0,0,1,5,220,
0,BoneSC,T,570,250,63,0,180,220,0,0,0,1.2,5,220,

0.3,Bone,B,150,390,35,-55,180,0,0,0,33,
0,Bone,B,490,390,35,55,0,0,0,0,34,
0.3,Bone,T,150,250,35,55,180,0,0,0,39,
0,Bone,T,490,250,35,-55,0,0,0,0,40,

0,Bone,T,190,250,63,0,0,220,
0,BoneSC,T,150,250,40,0,0,220,0,0,0,0.8,5,220,
0,BoneSC,T,110,250,40,0,0,220,0,0,0,1,5,220,
0,BoneSC,T,70,250,63,0,0,220,0,0,0,1.2,5,220,

0,Bone,T,450,250,63,0,180,220,
0,BoneSC,T,490,250,40,0,180,220,0,0,0,0.8,5,220,
0,BoneSC,T,530,250,40,0,180,220,0,0,0,1,5,220,
0,BoneSC,T,570,250,63,0,180,220,0,0,0,1.2,5,220,

0.3,Bone,B,150,390,35,-55,180,0,0,0,35,
0,Bone,B,490,390,35,55,0,0,0,0,36,

0.1,BoneSC,B,150,390,20,0,0,250,0,0,0,0.7,5,250,

0,BoneSC,B,110,390,20,0,0,250,0,0,0,0.9,5,250,
0,BoneSC,B,490,390,20,0,180,250,0,0,0,0.7,5,250,
0,BoneSC,B,530,390,20,0,180,250,0,0,0,0.9,5,250,

0,BoneSC,B,70,390,45,0,0,250,0,0,0,1,5,250,
0,BoneSC,B,30,390,45,0,0,250,0,0,0,1.2,5,250,
0,BoneSC,B,570,390,45,0,180,250,0,0,0,1,5,250,
0,BoneSC,B,610,390,45,0,180,250,0,0,0,1.2,5,250,

0,BoneSC,B,-10,390,90,0,0,250,0,0,0,1.3,5,250,
0,BoneSC,B,-50,390,90,0,0,250,0,0,0,1.5,5,250,
0,BoneSC,B,650,390,90,0,180,250,0,0,0,1.3,5,250,
0,BoneSC,B,690,390,90,0,180,250,0,0,0,1.5,5,250,

0.2,Bone,T,150,250,35,55,180,0,0,0,41,
0,Bone,T,490,250,35,-55,0,0,0,0,42,

0.3,Bone,B,150,390,35,-55,180,0,0,0,37,
0,Bone,B,490,390,35,55,0,0,0,0,38,
0.3,Bone,T,150,250,35,55,180,0,0,0,43,
0,Bone,T,490,250,35,-55,0,0,0,0,44,
2,T3_BoneSlam,320,
1,BoneRepeat,R,440,240,79,0,90,300,0,5,15,
0,BoneRepeat,L,200,400,79,0,270,300,0,5,15,
0,BoneSC,R,440,240,200,5,90,100,0,0,46,0.4,6,150,
0,BoneSC,L,200,400,200,175,270,100,0,0,47,0.4,6,150,
0.6,BoneRepeat,B,190,390,70,0,0,250,0,3,30,
0.6,BoneRepeat,B,190,390,15,0,0,250,0,5,16,0,50,
0.3,T3_SlamOrange,
0,WaveBones,R,440,400,35,0,270,100,0,15,16,0,0,2.4,10,0,28,
0,WaveBones,L,200,240,35,0,90,100,0,15,16,0,0,2.4,10,0,28,
0.4,BoneHY,B,190,390,85,0,0,250,0,0,0,0,0,0,0,1,0.6,5,350,1,0.6,1,
0,BoneHY,B,450,390,85,0,180,250,0,0,0,0,0,0,0,1,0.6,5,350,1,0.6,1,
0.35,BoneRepeat,B,190,390,15,0,0,250,0,5,16,0,51,
0.25,T3_SlamBlue,
0.25,BoneHY,B,190,390,85,0,0,250,0,0,0,0,0,0,0,1,0.6,5,350,1,0.6,1,
0,BoneHY,B,450,390,85,0,180,250,0,0,0,0,0,0,0,1,0.6,5,350,1,0.6,1,
0.1,BoneRepeat,B,190,390,15,0,0,250,0,5,16,0,52,
3.3,EndAttack,
0,ToggleShield,
